{
  "sydney": { "state": "NSW", "region": "Greater Sydney" },
  "cbd": { "state": "NSW", "region": "Greater Sydney" },
  "bondi": { "state": "NSW", "region": "Eastern Suburbs" },
  "bondi-beach": { "state": "NSW", "region": "Eastern Suburbs" },
  "bondi-junction": { "state": "NSW", "region": "Eastern Suburbs" },
  "parramatta": { "state": "NSW", "region": "Western Sydney" },
  "chatswood": { "state": "NSW", "region": "North Shore" },
  "manly": { "state": "NSW", "region": "Northern Beaches" },
  "newtown": { "state": "NSW", "region": "Inner West" },
  "surry-hills": { "state": "NSW", "region": "Inner Sydney" },
  "randwick": { "state": "NSW", "region": "Eastern Suburbs" },
  "cronulla": { "state": "NSW", "region": "Sutherland Shire" },
  "hurstville": { "state": "NSW", "region": "St George" },
  "kogarah": { "state": "NSW", "region": "St George" },
  "bankstown": { "state": "NSW", "region": "Canterbury-Bankstown" },
  "fairfield": { "state": "NSW", "region": "Greater Western Sydney" },
  "blacktown": { "state": "NSW", "region": "Greater Western Sydney" },
  "liverpool": { "state": "NSW", "region": "Greater Western Sydney" },
  "campbelltown": { "state": "NSW", "region": "Macarthur" },
  "penrith": { "state": "NSW", "region": "Greater Western Sydney" },
  "castle-hill": { "state": "NSW", "region": "Hills District" },
  "hornsby": { "state": "NSW", "region": "Upper North Shore" },
  "mosman": { "state": "NSW", "region": "North Shore" },
  "wollongong": { "state": "NSW", "region": "Illawarra" },
  "newcastle": { "state": "NSW", "region": "Hunter" },
  "melbourne": { "state": "VIC", "region": "Melbourne CBD" },
  "st-kilda": { "state": "VIC", "region": "Inner Melbourne" },
  "richmond": { "state": "VIC", "region": "Inner Melbourne" },
  "brunswick": { "state": "VIC", "region": "Inner North" },
  "dandenong": { "state": "VIC", "region": "South East Melbourne" },
  "frankston": { "state": "VIC", "region": "Mornington Peninsula" },
  "werribee": { "state": "VIC", "region": "Western Melbourne" },
  "geelong": { "state": "VIC", "region": "Geelong" },
  "ballarat": { "state": "VIC", "region": "Central Highlands" },
  "bendigo": { "state": "VIC", "region": "Loddon Mallee" },
  "mildura": { "state": "VIC", "region": "Mallee" },
  "brisbane": { "state": "QLD", "region": "Brisbane" },
  "gold-coast": { "state": "QLD", "region": "Gold Coast" },
  "sunshine-coast": { "state": "QLD", "region": "Sunshine Coast" },
  "cairns": { "state": "QLD", "region": "Far North Queensland" },
  "townsville": { "state": "QLD", "region": "North Queensland" },
  "toowoomba": { "state": "QLD", "region": "Darling Downs" },
  "mackay": { "state": "QLD", "region": "Mackay" },
  "rockhampton": { "state": "QLD", "region": "Central Queensland" },
  "hervey-bay": { "state": "QLD", "region": "Fraser Coast" },
  "perth": { "state": "WA", "region": "Perth Metro" },
  "fremantle": { "state": "WA", "region": "Perth Metro" },
  "joondalup": { "state": "WA", "region": "Perth Metro" },
  "mandurah": { "state": "WA", "region": "Peel Region" },
  "bunbury": { "state": "WA", "region": "South West WA" },
  "adelaide": { "state": "SA", "region": "Adelaide Metro" },
  "glenelg": { "state": "SA", "region": "Adelaide Metro" },
  "norwood": { "state": "SA", "region": "Adelaide Metro" },
  "hobart": { "state": "TAS", "region": "Greater Hobart" },
  "launceston": { "state": "TAS", "region": "Northern Tasmania" },
  "devonport": { "state": "TAS", "region": "North West Tasmania" },
  "canberra": { "state": "ACT", "region": "Canberra" },
  "darwin": { "state": "NT", "region": "Darwin" },
  "alice-springs": { "state": "NT", "region": "Central Australia" }
}
